zone,unemployment_rate
North,15.889620253164557
East,13.916
Northeast,10.950263157894737
South,10.454666666666666
West,8.238999999999999
